0,https://shopping.naver.com/style/style/stores/100448933/products/4856096038
1,https://shopping.naver.com/style/style/stores/100284331/products/4856094712
2,https://shopping.naver.com/style/style/stores/100563314/products/4856131424
3,https://shopping.naver.com/style/style/stores/1000021048/products/4851220908
4,https://shopping.naver.com/style/style/stores/100462898/products/4856158789
5,https://shopping.naver.com/style/style/stores/100592506/products/4823567806
6,https://shopping.naver.com/style/style/stores/100640211/products/4855529025
7,https://shopping.naver.com/style/style/stores/1000009568/products/4856101044
8,https://shopping.naver.com/style/style/stores/100082884/products/4856096454
9,https://shopping.naver.com/style/style/stores/1000019473/products/4855205185
10,https://shopping.naver.com/style/style/stores/100512899/products/4833947193
11,https://shopping.naver.com/style/style/stores/100093473/products/4856098533
12,https://shopping.naver.com/style/style/stores/100546823/products/4856079041
13,https://shopping.naver.com/style/style/stores/1000013533/products/4850644939#INTRODUCE
14,https://shopping.naver.com/style/style/stores/1000016332/products/4848493814#INTRODUCE
15,https://shopping.naver.com/style/style/stores/1000013533/products/4856138242
16,https://shopping.naver.com/style/style/stores/100493256/products/4856096684
17,https://shopping.naver.com/style/style/stores/1000015402/products/4856156326
18,https://shopping.naver.com/style/style/stores/1000014008/products/4856107444
19,https://shopping.naver.com/style/style/stores/100153407/products/4856094130
20,https://shopping.naver.com/style/style/stores/1000016332/products/4855579694#INTRODUCE
21,https://shopping.naver.com/style/style/stores/100648293/products/4855428279
22,https://shopping.naver.com/style/style/stores/100556484/products/4856074207
