0,https://shopping.naver.com/style/style/stores/100410095/products/4856334602
1,https://shopping.naver.com/style/style/stores/100025403/products/4860432524
2,https://shopping.naver.com/style/style/stores/1000013972/products/4846859600#INTRODUCE
3,https://shopping.naver.com/style/style/stores/1000016359/products/4859082080
4,https://shopping.naver.com/style/style/stores/100645355/products/4852000755
5,https://shopping.naver.com/style/style/stores/1000009970/products/4856944743
6,https://shopping.naver.com/style/style/stores/100138564/products/4860325645
7,https://shopping.naver.com/style/style/stores/100095832/products/4851020215#INTRODUCE
8,https://shopping.naver.com/style/style/stores/1000014785/products/4856060804
9,https://shopping.naver.com/style/style/stores/1000013496/products/4858622501
10,https://shopping.naver.com/style/style/stores/100022886/products/4860474459
11,https://shopping.naver.com/style/style/stores/1000018012/products/4858927245
12,https://shopping.naver.com/style/style/stores/1000018012/products/4858060282
13,https://shopping.naver.com/style/style/stores/1000024243/products/4860029619
14,https://shopping.naver.com/style/style/stores/100384526/products/4861380965
15,https://shopping.naver.com/style/style/stores/1000004719/products/4859784549
16,https://shopping.naver.com/style/style/stores/100239170/products/4860198658#INTRODUCE
17,https://shopping.naver.com/style/style/stores/1000016196/products/4856577804
18,https://shopping.naver.com/style/style/stores/1000016196/products/4856505955
19,https://shopping.naver.com/style/style/stores/100329289/products/4860539194
20,https://shopping.naver.com/style/style/stores/100060070/products/4860007120
21,https://shopping.naver.com/style/style/stores/100679856/products/4858340698
22,https://shopping.naver.com/style/style/stores/1000010948/products/4861361457
23,https://shopping.naver.com/style/style/stores/100679856/products/4860140520
24,https://shopping.naver.com/style/style/stores/1000020848/products/4856461437
25,https://shopping.naver.com/style/style/stores/100679856/products/4860105622
26,https://shopping.naver.com/style/style/stores/100143113/products/4860247281
27,https://shopping.naver.com/style/style/stores/1000013414/products/4860511975
28,https://shopping.naver.com/style/style/stores/100679856/products/4858342257
29,https://shopping.naver.com/style/style/stores/100410511/products/4858519366#INTRODUCE
30,https://shopping.naver.com/style/style/stores/100032385/products/4856602469
31,https://shopping.naver.com/style/style/stores/1000004719/products/4826181353#INTRODUCE
32,https://shopping.naver.com/style/style/stores/100343863/products/4851249539#INTRODUCE
33,https://shopping.naver.com/style/style/stores/1000016151/products/4856697110
34,https://shopping.naver.com/style/style/stores/100453952/products/4861057228
35,https://shopping.naver.com/style/style/stores/1000016291/products/4860561938#INTRODUCE
36,https://shopping.naver.com/style/style/stores/100255494/products/4859075097
37,https://shopping.naver.com/style/style/stores/100426158/products/4857306628
38,https://shopping.naver.com/style/style/stores/1000020807/products/4856770262
39,https://shopping.naver.com/style/style/stores/100343041/products/4855995074
40,https://shopping.naver.com/style/style/stores/1000020807/products/4831199454#INTRODUCE
41,https://shopping.naver.com/style/style/stores/1000010244/products/4856415611
42,https://shopping.naver.com/style/style/stores/100032232/products/4856037991
43,https://shopping.naver.com/style/style/stores/100060070/products/4858758537
44,https://shopping.naver.com/style/style/stores/1000018568/products/4857815431
45,https://shopping.naver.com/style/style/stores/100343041/products/4856332577
46,https://shopping.naver.com/style/style/stores/1000005339/products/4858899319
47,https://shopping.naver.com/style/style/stores/100501068/products/4860400032
48,https://shopping.naver.com/style/style/stores/100275073/products/4859223467
49,https://shopping.naver.com/style/style/stores/100516803/products/4857159097
50,https://shopping.naver.com/style/style/stores/100393644/products/4856089456
51,https://shopping.naver.com/style/style/stores/1000021603/products/4857140039
52,https://shopping.naver.com/style/style/stores/100060070/products/4858928660
53,https://shopping.naver.com/style/style/stores/1000007494/products/4856118313
54,https://shopping.naver.com/style/style/stores/100358546/products/4859166630
55,https://shopping.naver.com/style/style/stores/100066980/products/4218952039#INTRODUCE
56,https://shopping.naver.com/style/style/stores/100318106/products/4860046880
57,https://shopping.naver.com/style/style/stores/1000016196/products/4856584642
58,https://shopping.naver.com/style/style/stores/1000009272/products/4856413321
59,https://shopping.naver.com/style/style/stores/100679856/products/4858336496
60,https://shopping.naver.com/style/style/stores/100679856/products/4858415217
61,https://shopping.naver.com/style/style/stores/100059044/products/4860647714#INTRODUCE
62,https://shopping.naver.com/style/style/stores/1000007494/products/4858930884
63,https://shopping.naver.com/style/style/stores/100343863/products/4860780240
64,https://shopping.naver.com/style/style/stores/1000016291/products/4860561938
65,https://shopping.naver.com/style/style/stores/1000021603/products/4857100474
66,https://shopping.naver.com/style/style/stores/100343863/products/4840434833#INTRODUCE
67,https://shopping.naver.com/style/style/stores/1000024243/products/4857211235
68,https://shopping.naver.com/style/style/stores/100343863/products/4843975011#INTRODUCE
69,https://shopping.naver.com/style/style/stores/1000017548/products/4854606893#INTRODUCE
70,https://shopping.naver.com/style/style/stores/100038044/products/4860888635
71,https://shopping.naver.com/style/style/stores/100343274/products/4860122957
72,https://shopping.naver.com/style/style/stores/100466401/products/4858639475
73,https://shopping.naver.com/style/style/stores/1000020712/products/4860839702
74,https://shopping.naver.com/style/style/stores/100027256/products/4859807914
75,https://shopping.naver.com/style/style/stores/100138564/products/4858614787
76,https://shopping.naver.com/style/style/stores/1000018568/products/4856516765
77,https://shopping.naver.com/style/style/stores/1000014631/products/4857653860
78,https://shopping.naver.com/style/style/stores/1000016196/products/4856584797
79,https://shopping.naver.com/style/style/stores/1000007494/products/4858797698
80,https://shopping.naver.com/style/style/stores/100407544/products/4858093155
81,https://shopping.naver.com/style/style/stores/100167315/products/4858907774
82,https://shopping.naver.com/style/style/stores/1000020848/products/4856490975
83,https://shopping.naver.com/style/style/stores/100679856/products/4858343510
84,https://shopping.naver.com/style/style/stores/1000013972/products/4859618642
85,https://shopping.naver.com/style/style/stores/1000018568/products/4860073389
86,https://shopping.naver.com/style/style/stores/100358546/products/4857784817#INTRODUCE
87,https://shopping.naver.com/style/style/stores/100016194/products/4856442724
88,https://shopping.naver.com/style/style/stores/100595775/products/4860080036
89,https://shopping.naver.com/style/style/stores/100410511/products/4853195833#INTRODUCE
90,https://shopping.naver.com/style/style/stores/1000014438/products/4857512040
91,https://shopping.naver.com/style/style/stores/1000014125/products/4857576486
92,https://shopping.naver.com/style/style/stores/1000004719/products/4857756575
93,https://shopping.naver.com/style/style/stores/100358546/products/4859177753
94,https://shopping.naver.com/style/style/stores/100183326/products/4856569036
95,https://shopping.naver.com/style/style/stores/1000024243/products/4857156008
96,https://shopping.naver.com/style/style/stores/100016194/products/4860510884
97,https://shopping.naver.com/style/style/stores/1000020712/products/4856442640
98,https://shopping.naver.com/style/style/stores/1000021603/products/4858706671
99,https://shopping.naver.com/style/style/stores/100471353/products/4857332657
100,https://shopping.naver.com/style/style/stores/1000004878/products/4860551821
101,https://shopping.naver.com/style/style/stores/100247041/products/4856860716
102,https://shopping.naver.com/style/style/stores/100654856/products/4854664458
103,https://shopping.naver.com/style/style/stores/1000016646/products/4859064714
104,https://shopping.naver.com/style/style/stores/1000018568/products/4858444646
105,https://shopping.naver.com/style/style/stores/100228692/products/4861314148
106,https://shopping.naver.com/style/style/stores/100501068/products/4858858530
107,https://shopping.naver.com/style/style/stores/1000013972/products/4848591346#INTRODUCE
108,https://shopping.naver.com/style/style/stores/100060070/products/4860982105
109,https://shopping.naver.com/style/style/stores/100032385/products/4856452403
110,https://shopping.naver.com/style/style/stores/100239170/products/4859206305#INTRODUCE
111,https://shopping.naver.com/style/style/stores/100228692/products/4861196290
112,https://shopping.naver.com/style/style/stores/1000017143/products/4856487082
113,https://shopping.naver.com/style/style/stores/1000018012/products/4858048888
114,https://shopping.naver.com/style/style/stores/100095832/products/4850977529#INTRODUCE
115,https://shopping.naver.com/style/style/stores/100025403/products/4855895945
116,https://shopping.naver.com/style/style/stores/1000018568/products/4859101628
117,https://shopping.naver.com/style/style/stores/100136895/products/4858875821
118,https://shopping.naver.com/style/style/stores/100071919/products/4857360284
119,https://shopping.naver.com/style/style/stores/1000016359/products/4856446470
120,https://shopping.naver.com/style/style/stores/1000013972/products/4847064540#INTRODUCE
121,https://shopping.naver.com/style/style/stores/100016194/products/4860493375
122,https://shopping.naver.com/style/style/stores/1000010244/products/4858985911
123,https://shopping.naver.com/style/style/stores/100343274/products/4860092963
124,https://shopping.naver.com/style/style/stores/100343041/products/4855940217
125,https://shopping.naver.com/style/style/stores/1000017426/products/4857717850
126,https://shopping.naver.com/style/style/stores/100358546/products/4859174149
127,https://shopping.naver.com/style/style/stores/1000005324/products/4857866674
128,https://shopping.naver.com/style/style/stores/100438470/products/4857729367
129,https://shopping.naver.com/style/style/stores/1000014785/products/4856076651
130,https://shopping.naver.com/style/style/stores/1000018012/products/4859179868
131,https://shopping.naver.com/style/style/stores/1000013414/products/4858123414#INTRODUCE
132,https://shopping.naver.com/style/style/stores/100450220/products/4860397303
133,https://shopping.naver.com/style/style/stores/1000005312/products/4860322240
134,https://shopping.naver.com/style/style/stores/100148278/products/4858228023
135,https://shopping.naver.com/style/style/stores/100231305/products/4857946196
136,https://shopping.naver.com/style/style/stores/100571443/products/4860138125
137,https://shopping.naver.com/style/style/stores/100107738/products/4847147991#INTRODUCE
138,https://shopping.naver.com/style/style/stores/100645355/products/4857771449
139,https://shopping.naver.com/style/style/stores/1000021603/products/4857124690
140,https://shopping.naver.com/style/style/stores/1000021603/products/4857096521
141,https://shopping.naver.com/style/style/stores/1000021603/products/4857133428
142,https://shopping.naver.com/style/style/stores/100498593/products/4861269438
143,https://shopping.naver.com/style/style/stores/100343274/products/4861342461
144,https://shopping.naver.com/style/style/stores/100640338/products/4860562870
145,https://shopping.naver.com/style/style/stores/100343863/products/4860780240#INTRODUCE
146,https://shopping.naver.com/style/style/stores/100145005/products/4856415693
147,https://shopping.naver.com/style/style/stores/1000009220/products/4859349527
148,https://shopping.naver.com/style/style/stores/1000016196/products/4856505593
149,https://shopping.naver.com/style/style/stores/100239105/products/4856769317
150,https://shopping.naver.com/style/style/stores/1000024243/products/4857211235#INTRODUCE
151,https://shopping.naver.com/style/style/stores/100228692/products/4858782243
152,https://shopping.naver.com/style/style/stores/1000005339/products/4858716953
153,https://shopping.naver.com/style/style/stores/100679856/products/4858337653
154,https://shopping.naver.com/style/style/stores/100364920/products/4861247398
155,https://shopping.naver.com/style/style/stores/100228692/products/4860050440
156,https://shopping.naver.com/style/style/stores/1000018568/products/4860052413
157,https://shopping.naver.com/style/style/stores/100358546/products/4857784427#INTRODUCE
158,https://shopping.naver.com/style/style/stores/100082236/products/4859324700
159,https://shopping.naver.com/style/style/stores/100595775/products/4860132205
160,https://shopping.naver.com/style/style/stores/1000017897/products/4858116530
161,https://shopping.naver.com/style/style/stores/100674202/products/4857982599
162,https://shopping.naver.com/style/style/stores/1000013414/products/4859302451
163,https://shopping.naver.com/style/style/stores/1000016196/products/4856506265
164,https://shopping.naver.com/style/style/stores/1000021537/products/4857720624
165,https://shopping.naver.com/style/style/stores/100501068/products/4857602446
166,https://shopping.naver.com/style/style/stores/1000013414/products/4859302451#INTRODUCE
167,https://shopping.naver.com/style/style/stores/100414016/products/4860265577
168,https://shopping.naver.com/style/style/stores/100679856/products/4860574078
169,https://shopping.naver.com/style/style/stores/1000013972/products/4859633742
170,https://shopping.naver.com/style/style/stores/100060070/products/4859439945
171,https://shopping.naver.com/style/style/stores/1000002615/products/4859555037
172,https://shopping.naver.com/style/style/stores/100273855/products/4857964860
173,https://shopping.naver.com/style/style/stores/100082236/products/4856591458
174,https://shopping.naver.com/style/style/stores/100426158/products/4857336352
175,https://shopping.naver.com/style/style/stores/1000025871/products/4851766619#INTRODUCE
176,https://shopping.naver.com/style/style/stores/1000013496/products/4858853009
177,https://shopping.naver.com/style/style/stores/100228692/products/4856207116
178,https://shopping.naver.com/style/style/stores/100343274/products/4860138153
179,https://shopping.naver.com/style/style/stores/100059044/products/4856616888
180,https://shopping.naver.com/style/style/stores/100169533/products/4856560223
181,https://shopping.naver.com/style/style/stores/100079043/products/4856139519
182,https://shopping.naver.com/style/style/stores/100548954/products/4857591316
183,https://shopping.naver.com/style/style/stores/100055818/products/4856749425
184,https://shopping.naver.com/style/style/stores/1000016196/products/4856584974
185,https://shopping.naver.com/style/style/stores/100193683/products/4857658660
186,https://shopping.naver.com/style/style/stores/100331801/products/4856065239
187,https://shopping.naver.com/style/style/stores/100228692/products/4861270967
188,https://shopping.naver.com/style/style/stores/1000021603/products/4857106017
189,https://shopping.naver.com/style/style/stores/1000024243/products/4857156008#INTRODUCE
190,https://shopping.naver.com/style/style/stores/1000005312/products/4860415672
191,https://shopping.naver.com/style/style/stores/100343863/products/4658397153#INTRODUCE
192,https://shopping.naver.com/style/style/stores/1000018568/products/4860064487
193,https://shopping.naver.com/style/style/stores/100384657/products/4860400335
194,https://shopping.naver.com/style/style/stores/1000010948/products/4861372509
195,https://shopping.naver.com/style/style/stores/1000004719/products/4861164666
196,https://shopping.naver.com/style/style/stores/1000013794/products/1003168816
197,https://shopping.naver.com/style/style/stores/100318106/products/4858518932
198,https://shopping.naver.com/style/style/stores/100645355/products/4857146338
199,https://shopping.naver.com/style/style/stores/100132836/products/4856516334
200,https://shopping.naver.com/style/style/stores/100038044/products/4859442713
201,https://shopping.naver.com/style/style/stores/100228692/products/4856296666
202,https://shopping.naver.com/style/style/stores/1000025871/products/4834604890#INTRODUCE
203,https://shopping.naver.com/style/style/stores/100275250/products/4857357780
204,https://shopping.naver.com/style/style/stores/1000021603/products/4857120243
205,https://shopping.naver.com/style/style/stores/1000018012/products/4860675434
206,https://shopping.naver.com/style/style/stores/100343863/products/4675147287#INTRODUCE
207,https://shopping.naver.com/style/style/stores/1000014191/products/4856093467
208,https://shopping.naver.com/style/style/stores/100679856/products/4858341900
209,https://shopping.naver.com/style/style/stores/1000009272/products/4859093394
210,https://shopping.naver.com/style/style/stores/100343863/products/4819626065#INTRODUCE
211,https://shopping.naver.com/style/style/stores/100060070/products/4858412863
212,https://shopping.naver.com/style/style/stores/100343863/products/4845316197#INTRODUCE
213,https://shopping.naver.com/style/style/stores/100358546/products/4856526855
214,https://shopping.naver.com/style/style/stores/100358546/products/4857784427
215,https://shopping.naver.com/style/style/stores/100239170/products/4854258581#INTRODUCE
216,https://shopping.naver.com/style/style/stores/1000013957/products/4859037234
217,https://shopping.naver.com/style/style/stores/100410511/products/4858519366
218,https://shopping.naver.com/style/style/stores/100679856/products/4860590588
219,https://shopping.naver.com/style/style/stores/100343274/products/4860150797
220,https://shopping.naver.com/style/style/stores/100145005/products/4856404835
221,https://shopping.naver.com/style/style/stores/1000021603/products/4858697452
222,https://shopping.naver.com/style/style/stores/1000016196/products/4856577469
