0,https://shopping.naver.com/style/style/stores/100262851/products/4863396035
1,https://shopping.naver.com/style/style/stores/100013780/products/4863317224
2,https://shopping.naver.com/style/style/stores/100065193/products/4863854607#INTRODUCE
3,https://shopping.naver.com/style/style/stores/1000019900/products/4862358259
4,https://shopping.naver.com/style/style/stores/100093473/products/4863460179
5,https://shopping.naver.com/style/style/stores/100160893/products/4863654858
6,https://shopping.naver.com/style/style/stores/100193113/products/4863364280
7,https://shopping.naver.com/style/style/stores/100114520/products/4848098342#INTRODUCE
8,https://shopping.naver.com/style/style/stores/100206575/products/4863357196
9,https://shopping.naver.com/style/style/stores/100013780/products/4863318325
10,https://shopping.naver.com/style/style/stores/100348738/products/4863323465
11,https://shopping.naver.com/style/style/stores/1000010153/products/4863580076
12,https://shopping.naver.com/style/style/stores/100067106/products/4863351723
13,https://shopping.naver.com/style/style/stores/1000007725/products/4863410461
14,https://shopping.naver.com/style/style/stores/100135764/products/4863836265
15,https://shopping.naver.com/style/style/stores/1000016332/products/4863460805
16,https://shopping.naver.com/style/style/stores/100571126/products/4860045212#INTRODUCE
17,https://shopping.naver.com/style/style/stores/100576863/products/4863608566
18,https://shopping.naver.com/style/style/stores/1000010363/products/4863852364
19,https://shopping.naver.com/style/style/stores/1000014312/products/4863450103
20,https://shopping.naver.com/style/style/stores/100268556/products/4863642194
21,https://shopping.naver.com/style/style/stores/100283646/products/4863402220
22,https://shopping.naver.com/style/style/stores/100159029/products/4863430534
23,https://shopping.naver.com/style/style/stores/100065193/products/4863827630#INTRODUCE
24,https://shopping.naver.com/style/style/stores/1000014305/products/4863389312
25,https://shopping.naver.com/style/style/stores/100628644/products/4862296079
26,https://shopping.naver.com/style/style/stores/100160893/products/4863701030
27,https://shopping.naver.com/style/style/stores/100293125/products/4863314839
28,https://shopping.naver.com/style/style/stores/100148561/products/4778197205#INTRODUCE
29,https://shopping.naver.com/style/style/stores/100148657/products/4863445936
30,https://shopping.naver.com/style/style/stores/100476777/products/4863352495
31,https://shopping.naver.com/style/style/stores/1000004504/products/4863584989
32,https://shopping.naver.com/style/style/stores/100013780/products/4863318703
33,https://shopping.naver.com/style/style/stores/1000005080/products/4650610888#INTRODUCE
34,https://shopping.naver.com/style/style/stores/1000010363/products/4863375536
35,https://shopping.naver.com/style/style/stores/1000025466/products/4863792808
36,https://shopping.naver.com/style/style/stores/1000019473/products/4863169090
37,https://shopping.naver.com/style/style/stores/100102554/products/4863346165
38,https://shopping.naver.com/style/style/stores/100179310/products/4852512711#INTRODUCE
39,https://shopping.naver.com/style/style/stores/100179310/products/4851319801#INTRODUCE
40,https://shopping.naver.com/style/style/stores/100415232/products/4858895472
41,https://shopping.naver.com/style/style/stores/100013780/products/4863315970
42,https://shopping.naver.com/style/style/stores/100475593/products/4862814145
43,https://shopping.naver.com/style/style/stores/100379847/products/4863309120
44,https://shopping.naver.com/style/style/stores/100148561/products/4809350205#INTRODUCE
45,https://shopping.naver.com/style/style/stores/100419307/products/4863462303
46,https://shopping.naver.com/style/style/stores/100147689/products/4863849556
47,https://shopping.naver.com/style/style/stores/100149337/products/4863812760
48,https://shopping.naver.com/style/style/stores/100670135/products/4859547824
49,https://shopping.naver.com/style/style/stores/1000009210/products/4863444932
50,https://shopping.naver.com/style/style/stores/100013780/products/4863314795
51,https://shopping.naver.com/style/style/stores/1000004322/products/4863370568
52,https://shopping.naver.com/style/style/stores/1000010795/products/4863421183
53,https://shopping.naver.com/style/style/stores/100571126/products/4860294280#INTRODUCE
54,https://shopping.naver.com/style/style/stores/1000025466/products/4863607861
55,https://shopping.naver.com/style/style/stores/1000004137/products/4863360498
56,https://shopping.naver.com/style/style/stores/1000005303/products/4863726268
57,https://shopping.naver.com/style/style/stores/1000025709/products/4863483195
58,https://shopping.naver.com/style/style/stores/1000002680/products/4863735977
59,https://shopping.naver.com/style/style/stores/1000004540/products/4863313096
60,https://shopping.naver.com/style/style/stores/100118537/products/4863557007
61,https://shopping.naver.com/style/style/stores/100361110/products/4855447062#INTRODUCE
62,https://shopping.naver.com/style/style/stores/100415705/products/4863747965
63,https://shopping.naver.com/style/style/stores/1000004696/products/4863606213
64,https://shopping.naver.com/style/style/stores/1000023459/products/4863783071
65,https://shopping.naver.com/style/style/stores/1000006845/products/4861669564
66,https://shopping.naver.com/style/style/stores/100107924/products/4863355591
67,https://shopping.naver.com/style/style/stores/100476777/products/4863337837
68,https://shopping.naver.com/style/style/stores/100419307/products/4863460812
69,https://shopping.naver.com/style/style/stores/1000010923/products/4863346405
70,https://shopping.naver.com/style/style/stores/100415705/products/4863810391
71,https://shopping.naver.com/style/style/stores/100672745/products/4863138111
72,https://shopping.naver.com/style/style/stores/100633941/products/4862437685
73,https://shopping.naver.com/style/style/stores/100065193/products/4863854607
74,https://shopping.naver.com/style/style/stores/100118537/products/4863819744
75,https://shopping.naver.com/style/style/stores/1000004275/products/4863310361
76,https://shopping.naver.com/style/style/stores/100435958/products/4863300126
77,https://shopping.naver.com/style/style/stores/100013780/products/4863557353
78,https://shopping.naver.com/style/style/stores/100477108/products/4863817053
79,https://shopping.naver.com/style/style/stores/100628644/products/4862592522
80,https://shopping.naver.com/style/style/stores/100286575/products/4863844424
81,https://shopping.naver.com/style/style/stores/100219011/products/4863316595
82,https://shopping.naver.com/style/style/stores/100361110/products/4843937873#INTRODUCE
83,https://shopping.naver.com/style/style/stores/100013780/products/4863313071
84,https://shopping.naver.com/style/style/stores/100118537/products/4863559185
85,https://shopping.naver.com/style/style/stores/100165553/products/4863309569
86,https://shopping.naver.com/style/style/stores/1000014438/products/4863510091
87,https://shopping.naver.com/style/style/stores/100631124/products/4861609487
88,https://shopping.naver.com/style/style/stores/100091990/products/4863385288
89,https://shopping.naver.com/style/style/stores/100576863/products/4863732731
90,https://shopping.naver.com/style/style/stores/100013780/products/4863557445
91,https://shopping.naver.com/style/style/stores/100013780/products/4863533696
92,https://shopping.naver.com/style/style/stores/100576863/products/4863629159
93,https://shopping.naver.com/style/style/stores/100361110/products/4611831177#INTRODUCE
94,https://shopping.naver.com/style/style/stores/1000015448/products/4863741785
95,https://shopping.naver.com/style/style/stores/1000012843/products/4863305293
96,https://shopping.naver.com/style/style/stores/1000003442/products/4863321610
97,https://shopping.naver.com/style/style/stores/100616872/products/4861643135
98,https://shopping.naver.com/style/style/stores/100668755/products/4862940364
99,https://shopping.naver.com/style/style/stores/1000022856/products/4863411011
100,https://shopping.naver.com/style/style/stores/100528009/products/4862493850
101,https://shopping.naver.com/style/style/stores/100571126/products/4862421142
102,https://shopping.naver.com/style/style/stores/1000011368/products/4863428754
103,https://shopping.naver.com/style/style/stores/1000014009/products/4863443969
104,https://shopping.naver.com/style/style/stores/100254236/products/4863338155
105,https://shopping.naver.com/style/style/stores/100023397/products/4863485683
106,https://shopping.naver.com/style/style/stores/100675779/products/4863077474
107,https://shopping.naver.com/style/style/stores/100655395/products/4863029926
108,https://shopping.naver.com/style/style/stores/1000021456/products/4862214225
109,https://shopping.naver.com/style/style/stores/100013780/products/4863533854
110,https://shopping.naver.com/style/style/stores/100670135/products/4860361661
111,https://shopping.naver.com/style/style/stores/100159029/products/4863430307
112,https://shopping.naver.com/style/style/stores/100646459/products/4861594890
113,https://shopping.naver.com/style/style/stores/1000015448/products/4863732704
114,https://shopping.naver.com/style/style/stores/1000021186/products/4863356102
115,https://shopping.naver.com/style/style/stores/100013780/products/4863533802
116,https://shopping.naver.com/style/style/stores/1000002598/products/4863360335
117,https://shopping.naver.com/style/style/stores/100118537/products/4863557553
118,https://shopping.naver.com/style/style/stores/100041826/products/4863615134
119,https://shopping.naver.com/style/style/stores/100134137/products/4863731125
120,https://shopping.naver.com/style/style/stores/100114520/products/4843841089#INTRODUCE
121,https://shopping.naver.com/style/style/stores/1000013339/products/4863381876
122,https://shopping.naver.com/style/style/stores/100197744/products/4863790258
123,https://shopping.naver.com/style/style/stores/100013780/products/4863762113
124,https://shopping.naver.com/style/style/stores/100148561/products/4813055257#INTRODUCE
125,https://shopping.naver.com/style/style/stores/1000009189/products/4863337939
126,https://shopping.naver.com/style/style/stores/100114520/products/4838595652#INTRODUCE
127,https://shopping.naver.com/style/style/stores/1000005303/products/4863726268#INTRODUCE
128,https://shopping.naver.com/style/style/stores/100286575/products/4863637093
129,https://shopping.naver.com/style/style/stores/100148561/products/4814319354#INTRODUCE
130,https://shopping.naver.com/style/style/stores/1000009327/products/4863364498
131,https://shopping.naver.com/style/style/stores/1000002598/products/4863410241#INTRODUCE
132,https://shopping.naver.com/style/style/stores/100431157/products/4863839090
133,https://shopping.naver.com/style/style/stores/1000006208/products/4863356840
134,https://shopping.naver.com/style/style/stores/1000002558/products/4863305544
135,https://shopping.naver.com/style/style/stores/100148561/products/4810505138#INTRODUCE
136,https://shopping.naver.com/style/style/stores/100103491/products/4863541916
137,https://shopping.naver.com/style/style/stores/1000002598/products/4863410241
138,https://shopping.naver.com/style/style/stores/100644978/products/4858722312
139,https://shopping.naver.com/style/style/stores/100361110/products/4861127070#INTRODUCE
140,https://shopping.naver.com/style/style/stores/100148561/products/4741619694#INTRODUCE
141,https://shopping.naver.com/style/style/stores/100103491/products/4863604910
142,https://shopping.naver.com/style/style/stores/100148561/products/4806340454#INTRODUCE
143,https://shopping.naver.com/style/style/stores/1000004531/products/4863329364
144,https://shopping.naver.com/style/style/stores/100467039/products/4863799051
145,https://shopping.naver.com/style/style/stores/100013780/products/4863558600
146,https://shopping.naver.com/style/style/stores/100011257/products/4863466351
147,https://shopping.naver.com/style/style/stores/100254236/products/4863378909
148,https://shopping.naver.com/style/style/stores/100067106/products/4863350152
149,https://shopping.naver.com/style/style/stores/1000003523/products/4863327589
150,https://shopping.naver.com/style/style/stores/1000007213/products/4863459320
151,https://shopping.naver.com/style/style/stores/1000019473/products/4862593271
152,https://shopping.naver.com/style/style/stores/1000019473/products/4862449620
153,https://shopping.naver.com/style/style/stores/1000007583/products/4863536763
154,https://shopping.naver.com/style/style/stores/100153846/products/4863824455
155,https://shopping.naver.com/style/style/stores/100172022/products/4863759986
156,https://shopping.naver.com/style/style/stores/100148561/products/4677789514#INTRODUCE
157,https://shopping.naver.com/style/style/stores/100160893/products/4863669060
158,https://shopping.naver.com/style/style/stores/100647821/products/4862374408
159,https://shopping.naver.com/style/style/stores/100148561/products/4691439585#INTRODUCE
160,https://shopping.naver.com/style/style/stores/100163936/products/4863646417
161,https://shopping.naver.com/style/style/stores/100148561/products/4857826603#INTRODUCE
162,https://shopping.naver.com/style/style/stores/100268556/products/4863668540
163,https://shopping.naver.com/style/style/stores/100169560/products/4863302660
164,https://shopping.naver.com/style/style/stores/100671334/products/4862633899
165,https://shopping.naver.com/style/style/stores/100196806/products/4863076102
166,https://shopping.naver.com/style/style/stores/1000013884/products/4863331031
167,https://shopping.naver.com/style/style/stores/1000003446/products/4863328145
168,https://shopping.naver.com/style/style/stores/100668755/products/4862940087
169,https://shopping.naver.com/style/style/stores/100645521/products/4861508948
170,https://shopping.naver.com/style/style/stores/100153691/products/4863326618
171,https://shopping.naver.com/style/style/stores/100675779/products/4863173918
172,https://shopping.naver.com/style/style/stores/100511014/products/4863401209
173,https://shopping.naver.com/style/style/stores/100034299/products/4863379531
174,https://shopping.naver.com/style/style/stores/100184106/products/4863346102
175,https://shopping.naver.com/style/style/stores/1000014693/products/4863748230
176,https://shopping.naver.com/style/style/stores/100148561/products/4799399625#INTRODUCE
177,https://shopping.naver.com/style/style/stores/100046536/products/4863531784
178,https://shopping.naver.com/style/style/stores/100238067/products/4863396848
179,https://shopping.naver.com/style/style/stores/1000016822/products/4863380437
180,https://shopping.naver.com/style/style/stores/100408341/products/4863817188
181,https://shopping.naver.com/style/style/stores/100179310/products/4856820273#INTRODUCE
182,https://shopping.naver.com/style/style/stores/1000003960/products/4863748114
183,https://shopping.naver.com/style/style/stores/1000014438/products/4863515958
184,https://shopping.naver.com/style/style/stores/100530152/products/4863366833
185,https://shopping.naver.com/style/style/stores/100197744/products/4863786147
186,https://shopping.naver.com/style/style/stores/100065193/products/4863839773#INTRODUCE
187,https://shopping.naver.com/style/style/stores/100065193/products/4863827630
188,https://shopping.naver.com/style/style/stores/100628644/products/4861965522
189,https://shopping.naver.com/style/style/stores/1000003907/products/4863537507
190,https://shopping.naver.com/style/style/stores/100571126/products/4862421142#INTRODUCE
191,https://shopping.naver.com/style/style/stores/100475593/products/4862802725
192,https://shopping.naver.com/style/style/stores/1000024133/products/4863583843
193,https://shopping.naver.com/style/style/stores/1000024768/products/4863688252
194,https://shopping.naver.com/style/style/stores/100619517/products/4861501271
195,https://shopping.naver.com/style/style/stores/1000010105/products/4863644063
196,https://shopping.naver.com/style/style/stores/1000010105/products/4863649767
197,https://shopping.naver.com/style/style/stores/1000006787/products/4863300806
198,https://shopping.naver.com/style/style/stores/100179310/products/4863625590
199,https://shopping.naver.com/style/style/stores/1000003939/products/4863468700
200,https://shopping.naver.com/style/style/stores/100262851/products/4863412782
201,https://shopping.naver.com/style/style/stores/100340691/products/4863324046
202,https://shopping.naver.com/style/style/stores/100672745/products/4863155123
203,https://shopping.naver.com/style/style/stores/100327830/products/4863352924
204,https://shopping.naver.com/style/style/stores/1000002274/products/4863540043
205,https://shopping.naver.com/style/style/stores/1000003446/products/4863324215
206,https://shopping.naver.com/style/style/stores/100672745/products/4863112472
207,https://shopping.naver.com/style/style/stores/1000014525/products/4863710522
208,https://shopping.naver.com/style/style/stores/1000002598/products/4863458001
209,https://shopping.naver.com/style/style/stores/1000012589/products/4863551300
210,https://shopping.naver.com/style/style/stores/100013780/products/4863335755
211,https://shopping.naver.com/style/style/stores/1000009794/products/4861624761#INTRODUCE
212,https://shopping.naver.com/style/style/stores/1000019900/products/4861501822
213,https://shopping.naver.com/style/style/stores/1000004872/products/4863503773
214,https://shopping.naver.com/style/style/stores/1000021459/products/4863613346
215,https://shopping.naver.com/style/style/stores/100013780/products/4863759563
216,https://shopping.naver.com/style/style/stores/100085201/products/4863540614
217,https://shopping.naver.com/style/style/stores/1000003779/products/4863306223
218,https://shopping.naver.com/style/style/stores/1000017157/products/4863485274
219,https://shopping.naver.com/style/style/stores/100206046/products/4863605083
