0,https://shopping.naver.com/style/style/stores/100250891/products/4852978231
1,https://shopping.naver.com/style/style/stores/100060312/products/4852939531
2,https://shopping.naver.com/style/style/stores/1000016138/products/4852987653
3,https://shopping.naver.com/style/style/stores/1000017553/products/4852958950
4,https://shopping.naver.com/style/style/stores/100367506/products/4852146731
5,https://shopping.naver.com/style/style/stores/100065193/products/4852889750
6,https://shopping.naver.com/style/style/stores/100668755/products/4852861402
7,https://shopping.naver.com/style/style/stores/100013780/products/4852830493
8,https://shopping.naver.com/style/style/stores/100370066/products/4852969195
9,https://shopping.naver.com/style/style/stores/100498723/products/4852149601
10,https://shopping.naver.com/style/style/stores/100642208/products/4852762551
11,https://shopping.naver.com/style/style/stores/100013780/products/4852983149
12,https://shopping.naver.com/style/style/stores/100370066/products/4852981456
13,https://shopping.naver.com/style/style/stores/100574300/products/4852934457
14,https://shopping.naver.com/style/style/stores/100180417/products/4852861096
15,https://shopping.naver.com/style/style/stores/100065193/products/4852900327
16,https://shopping.naver.com/style/style/stores/1000019189/products/4852897905
17,https://shopping.naver.com/style/style/stores/1000020769/products/4852901302
18,https://shopping.naver.com/style/style/stores/100378608/products/4852965836#INTRODUCE
19,https://shopping.naver.com/style/style/stores/100163936/products/4852976245
20,https://shopping.naver.com/style/style/stores/100378608/products/4852944011
21,https://shopping.naver.com/style/style/stores/100382574/products/4852938761
22,https://shopping.naver.com/style/style/stores/100361110/products/4805630535#INTRODUCE
23,https://shopping.naver.com/style/style/stores/100134137/products/4852909833
24,https://shopping.naver.com/style/style/stores/100408341/products/4852917527
25,https://shopping.naver.com/style/style/stores/100646459/products/4852087173
26,https://shopping.naver.com/style/style/stores/100419307/products/4852932712
27,https://shopping.naver.com/style/style/stores/100538920/products/4851847209#INTRODUCE
28,https://shopping.naver.com/style/style/stores/1000012334/products/4852982957
29,https://shopping.naver.com/style/style/stores/1000002617/products/4852941139
30,https://shopping.naver.com/style/style/stores/1000005080/products/4842267147#INTRODUCE
31,https://shopping.naver.com/style/style/stores/100013780/products/4852901128
32,https://shopping.naver.com/style/style/stores/100260816/products/4849411289
33,https://shopping.naver.com/style/style/stores/1000004841/products/4852974687
34,https://shopping.naver.com/style/style/stores/100043323/products/4852901324
35,https://shopping.naver.com/style/style/stores/100222898/products/4653012538#INTRODUCE
36,https://shopping.naver.com/style/style/stores/1000025466/products/4852943659
37,https://shopping.naver.com/style/style/stores/100378608/products/4852930787
38,https://shopping.naver.com/style/style/stores/100261291/products/4852977642
39,https://shopping.naver.com/style/style/stores/100514810/products/4852955491
40,https://shopping.naver.com/style/style/stores/100563314/products/4852899711
41,https://shopping.naver.com/style/style/stores/100119444/products/4852881765
42,https://shopping.naver.com/style/style/stores/100277538/products/4852883415
43,https://shopping.naver.com/style/style/stores/100013780/products/4852904463
44,https://shopping.naver.com/style/style/stores/100067019/products/4852877656
45,https://shopping.naver.com/style/style/stores/100449618/products/4848133545#INTRODUCE
46,https://shopping.naver.com/style/style/stores/100640071/products/4852846980
47,https://shopping.naver.com/style/style/stores/100595301/products/4851549371
48,https://shopping.naver.com/style/style/stores/100608704/products/4852961843
49,https://shopping.naver.com/style/style/stores/100562210/products/4852989000
50,https://shopping.naver.com/style/style/stores/100113795/products/4852993761
51,https://shopping.naver.com/style/style/stores/1000009266/products/4852852139
52,https://shopping.naver.com/style/style/stores/100561118/products/4852273711
53,https://shopping.naver.com/style/style/stores/1000020795/products/4852968100
54,https://shopping.naver.com/style/style/stores/100065193/products/4852912708#INTRODUCE
55,https://shopping.naver.com/style/style/stores/100197744/products/4852840963
56,https://shopping.naver.com/style/style/stores/100065193/products/4852934121#INTRODUCE
57,https://shopping.naver.com/style/style/stores/100114520/products/4830991219#INTRODUCE
58,https://shopping.naver.com/style/style/stores/1000025030/products/4852952111
59,https://shopping.naver.com/style/style/stores/100174036/products/4852870370
60,https://shopping.naver.com/style/style/stores/1000013111/products/4852879427
61,https://shopping.naver.com/style/style/stores/100260816/products/4850575278
62,https://shopping.naver.com/style/style/stores/100378608/products/4852979389
63,https://shopping.naver.com/style/style/stores/1000004232/products/4852966438
64,https://shopping.naver.com/style/style/stores/1000019826/products/4853001562
65,https://shopping.naver.com/style/style/stores/100631124/products/4852957524
66,https://shopping.naver.com/style/style/stores/1000004521/products/4852286600
67,https://shopping.naver.com/style/style/stores/1000005267/products/4852950108
68,https://shopping.naver.com/style/style/stores/100508684/products/4852910532
69,https://shopping.naver.com/style/style/stores/1000016639/products/4852869390
70,https://shopping.naver.com/style/style/stores/1000004373/products/4852901377
71,https://shopping.naver.com/style/style/stores/100371116/products/4852870966
72,https://shopping.naver.com/style/style/stores/100645932/products/4849773238
73,https://shopping.naver.com/style/style/stores/100008415/products/4852909376
74,https://shopping.naver.com/style/style/stores/100050630/products/4852991699
75,https://shopping.naver.com/style/style/stores/100291958/products/4852965974
76,https://shopping.naver.com/style/style/stores/100501085/products/4852762662#INTRODUCE
77,https://shopping.naver.com/style/style/stores/1000024404/products/4852896856
78,https://shopping.naver.com/style/style/stores/100013780/products/4852831099
79,https://shopping.naver.com/style/style/stores/1000003446/products/4852953288
80,https://shopping.naver.com/style/style/stores/1000024939/products/4852869931
81,https://shopping.naver.com/style/style/stores/1000002617/products/4852985989
82,https://shopping.naver.com/style/style/stores/1000012334/products/4852925190
83,https://shopping.naver.com/style/style/stores/1000003446/products/4852973966
84,https://shopping.naver.com/style/style/stores/100013780/products/4852982005
85,https://shopping.naver.com/style/style/stores/100645932/products/4852738568
86,https://shopping.naver.com/style/style/stores/100390437/products/4852933889
87,https://shopping.naver.com/style/style/stores/1000009266/products/4852971036
88,https://shopping.naver.com/style/style/stores/1000012334/products/4852911764
89,https://shopping.naver.com/style/style/stores/100250891/products/4852978231#INTRODUCE
90,https://shopping.naver.com/style/style/stores/100013780/products/4852980449
91,https://shopping.naver.com/style/style/stores/100065193/products/4852872507#INTRODUCE
92,https://shopping.naver.com/style/style/stores/100227764/products/4852937157#INTRODUCE
93,https://shopping.naver.com/style/style/stores/100065193/products/4852900327#INTRODUCE
94,https://shopping.naver.com/style/style/stores/1000002617/products/4852906517
95,https://shopping.naver.com/style/style/stores/100023613/products/4852966579
96,https://shopping.naver.com/style/style/stores/100290106/products/4852968445
97,https://shopping.naver.com/style/style/stores/100134137/products/4852980777
98,https://shopping.naver.com/style/style/stores/100406437/products/4852898988
99,https://shopping.naver.com/style/style/stores/100228631/products/4852841581
100,https://shopping.naver.com/style/style/stores/1000004841/products/4852989124
101,https://shopping.naver.com/style/style/stores/100635737/products/4852274649
102,https://shopping.naver.com/style/style/stores/100013780/products/4852900305
103,https://shopping.naver.com/style/style/stores/100449618/products/4852891864
104,https://shopping.naver.com/style/style/stores/1000008044/products/4852975484
105,https://shopping.naver.com/style/style/stores/100085201/products/4852919540
106,https://shopping.naver.com/style/style/stores/100227412/products/4852987108
107,https://shopping.naver.com/style/style/stores/100608765/products/4852890523
108,https://shopping.naver.com/style/style/stores/100085201/products/4852925242
109,https://shopping.naver.com/style/style/stores/100309386/products/4852997717
110,https://shopping.naver.com/style/style/stores/100546823/products/4852976473
111,https://shopping.naver.com/style/style/stores/1000017583/products/4852960429
112,https://shopping.naver.com/style/style/stores/100672469/products/4852856561
113,https://shopping.naver.com/style/style/stores/1000010100/products/4852923079
114,https://shopping.naver.com/style/style/stores/100668755/products/4848798495
115,https://shopping.naver.com/style/style/stores/100033657/products/4852234380
116,https://shopping.naver.com/style/style/stores/100145932/products/4852863805
117,https://shopping.naver.com/style/style/stores/100065193/products/4852934121
118,https://shopping.naver.com/style/style/stores/100352036/products/4852837609
119,https://shopping.naver.com/style/style/stores/100419307/products/4852951557
120,https://shopping.naver.com/style/style/stores/100114520/products/4822924661#INTRODUCE
121,https://shopping.naver.com/style/style/stores/100382574/products/4852977647
122,https://shopping.naver.com/style/style/stores/100001599/products/4852976244
123,https://shopping.naver.com/style/style/stores/100631124/products/4852912450
124,https://shopping.naver.com/style/style/stores/100640931/products/4852954471
125,https://shopping.naver.com/style/style/stores/100103956/products/4852899262
126,https://shopping.naver.com/style/style/stores/100607271/products/4852825116
127,https://shopping.naver.com/style/style/stores/100358908/products/4838885578#INTRODUCE
128,https://shopping.naver.com/style/style/stores/100248165/products/4852877483
129,https://shopping.naver.com/style/style/stores/1000006845/products/4852935040
130,https://shopping.naver.com/style/style/stores/100114520/products/4827153634#INTRODUCE
131,https://shopping.naver.com/style/style/stores/1000020769/products/4852986958
132,https://shopping.naver.com/style/style/stores/100580064/products/4852954706
133,https://shopping.naver.com/style/style/stores/100085201/products/4852921266
134,https://shopping.naver.com/style/style/stores/100085201/products/4852931771
135,https://shopping.naver.com/style/style/stores/100592506/products/4852178339
136,https://shopping.naver.com/style/style/stores/100406437/products/4852832852
137,https://shopping.naver.com/style/style/stores/100114520/products/4828176733#INTRODUCE
138,https://shopping.naver.com/style/style/stores/100645932/products/4851874632
139,https://shopping.naver.com/style/style/stores/1000002617/products/4852911999#INTRODUCE
140,https://shopping.naver.com/style/style/stores/100357499/products/4852905793
141,https://shopping.naver.com/style/style/stores/100067019/products/4852917540
142,https://shopping.naver.com/style/style/stores/1000024404/products/4852837445
143,https://shopping.naver.com/style/style/stores/100268556/products/4852935400
144,https://shopping.naver.com/style/style/stores/100649871/products/4852750899
145,https://shopping.naver.com/style/style/stores/100291958/products/4852966667
146,https://shopping.naver.com/style/style/stores/1000024182/products/4853003384
147,https://shopping.naver.com/style/style/stores/1000015033/products/4852917523
148,https://shopping.naver.com/style/style/stores/1000024549/products/4852951908
149,https://shopping.naver.com/style/style/stores/1000024939/products/4852984019
150,https://shopping.naver.com/style/style/stores/100114520/products/4842345534#INTRODUCE
151,https://shopping.naver.com/style/style/stores/1000004841/products/4852921043
152,https://shopping.naver.com/style/style/stores/100272997/products/4852015451
153,https://shopping.naver.com/style/style/stores/100065193/products/4852846707#INTRODUCE
154,https://shopping.naver.com/style/style/stores/100291958/products/4852966244
155,https://shopping.naver.com/style/style/stores/1000018470/products/4852952799
156,https://shopping.naver.com/style/style/stores/1000003446/products/4852914289
157,https://shopping.naver.com/style/style/stores/1000024510/products/4852914162
158,https://shopping.naver.com/style/style/stores/1000013884/products/4852957677
159,https://shopping.naver.com/style/style/stores/100114520/products/4816588259#INTRODUCE
160,https://shopping.naver.com/style/style/stores/100567676/products/4852886093
161,https://shopping.naver.com/style/style/stores/1000015066/products/4823043538#INTRODUCE
162,https://shopping.naver.com/style/style/stores/1000009264/products/4852866403
163,https://shopping.naver.com/style/style/stores/100352036/products/4852855742
164,https://shopping.naver.com/style/style/stores/100028579/products/4852986087
165,https://shopping.naver.com/style/style/stores/1000025466/products/4852844868
166,https://shopping.naver.com/style/style/stores/1000010105/products/4852946234
167,https://shopping.naver.com/style/style/stores/100227412/products/4852953761
168,https://shopping.naver.com/style/style/stores/100264184/products/4853001630
169,https://shopping.naver.com/style/style/stores/100592506/products/4852167293
170,https://shopping.naver.com/style/style/stores/100013780/products/4852902596
171,https://shopping.naver.com/style/style/stores/100313667/products/4852830172
172,https://shopping.naver.com/style/style/stores/100111810/products/4852419880
173,https://shopping.naver.com/style/style/stores/1000004010/products/4852997908
174,https://shopping.naver.com/style/style/stores/100662837/products/4852966825
175,https://shopping.naver.com/style/style/stores/1000003442/products/4852986291
176,https://shopping.naver.com/style/style/stores/100463954/products/4852854151
177,https://shopping.naver.com/style/style/stores/1000009264/products/4852841768
178,https://shopping.naver.com/style/style/stores/100268556/products/4852949541
179,https://shopping.naver.com/style/style/stores/1000010105/products/4852957136
180,https://shopping.naver.com/style/style/stores/100207379/products/4852887179
181,https://shopping.naver.com/style/style/stores/100163936/products/4852960357
182,https://shopping.naver.com/style/style/stores/100528052/products/4852999820
183,https://shopping.naver.com/style/style/stores/100498723/products/4852332538
184,https://shopping.naver.com/style/style/stores/100358908/products/4840260521#INTRODUCE
185,https://shopping.naver.com/style/style/stores/100065193/products/4852846707
186,https://shopping.naver.com/style/style/stores/1000025029/products/4852955676
187,https://shopping.naver.com/style/style/stores/100114520/products/4833236817#INTRODUCE
188,https://shopping.naver.com/style/style/stores/100310360/products/4852952725
189,https://shopping.naver.com/style/style/stores/100008415/products/4852895751
190,https://shopping.naver.com/style/style/stores/100174036/products/4852957632
191,https://shopping.naver.com/style/style/stores/1000017583/products/4852939940
192,https://shopping.naver.com/style/style/stores/100445851/products/4852854243
193,https://shopping.naver.com/style/style/stores/100291958/products/4852967462
194,https://shopping.naver.com/style/style/stores/100327746/products/4852996851
195,https://shopping.naver.com/style/style/stores/100028579/products/4852981018
196,https://shopping.naver.com/style/style/stores/1000003446/products/4852933257
197,https://shopping.naver.com/style/style/stores/100085201/products/4852916643
198,https://shopping.naver.com/style/style/stores/100640931/products/4849415422
199,https://shopping.naver.com/style/style/stores/100645932/products/4849697130
200,https://shopping.naver.com/style/style/stores/100672469/products/4852832815
201,https://shopping.naver.com/style/style/stores/1000007203/products/4852972941
202,https://shopping.naver.com/style/style/stores/100249792/products/4852880821
203,https://shopping.naver.com/style/style/stores/100610787/products/4852913481
204,https://shopping.naver.com/style/style/stores/100256040/products/4852965580
205,https://shopping.naver.com/style/style/stores/100672469/products/4852681618
206,https://shopping.naver.com/style/style/stores/1000004373/products/4852878449
207,https://shopping.naver.com/style/style/stores/100642208/products/4852369808
208,https://shopping.naver.com/style/style/stores/1000002617/products/4852921115
209,https://shopping.naver.com/style/style/stores/100114520/products/4834311284#INTRODUCE
210,https://shopping.naver.com/style/style/stores/100085201/products/4852929637
211,https://shopping.naver.com/style/style/stores/100378608/products/4852930787#INTRODUCE
212,https://shopping.naver.com/style/style/stores/1000005080/products/4812357590#INTRODUCE
213,https://shopping.naver.com/style/style/stores/100180417/products/4852882644
214,https://shopping.naver.com/style/style/stores/100013780/products/4852899754
215,https://shopping.naver.com/style/style/stores/100352036/products/4852846496
216,https://shopping.naver.com/style/style/stores/100013780/products/4852973669
217,https://shopping.naver.com/style/style/stores/1000004841/products/4852959884
